first_name,second_name,last_name
Адель,Феликсовна,Афанасьева
Амира,Германовна,Земляная
Нинель,Ануфриевна,Леонидова
Кузьма,Викторович,Витковский
Фока,Бориславич,Хлумов
Антонин,Анатольевич,Фатьянов
Арсений,Филиппович,Брюсов
Макар,Ануфриевич,Панкратов
Герасим,Геннадиевич,Моисеев
Игнатий,Чеславович,Довлатов
Даяна,Гавриловна,Анюкова
Альвиан,Артемьевич,Грунин
Агния,Устиновна,Бродская
Конон,Ильич,Гаммер
Михримах,Власовна,Евстафьева
Есения,Филипповна,Котовская
Влас,Эдуардович,Донцов
Даниэла,Геннадьевна,Кузечкина
Пафнутий,Борисович,Бондарев
Анжела,Ермолаевна,Казимирова
Прокопий,Эдгардович,Прудников
Фока,Антипович,Ерошкин
Климент,Ефстафьевич,Гальцов
Артём,Августович,Фомин
Наргиза,Викторовна,Гатапова
Фёкла,Иосифовна,Остратова
Руслан,Власович,Любимов
Ильзира,Игнатьевна,Тендрякова
Милен,Филимоновна,Протасьева
Конон,Феликсович,Сокуров
Чеслава,Арсеньевна,Слепнева
Камилла,Вилоровна,Золотцева
Парфений,Валентинович,Коровин
Элина,Александровна,Василева
Феоктист,Фадеевич,Гостев
Венедикт,Исидорович,Шашков
Николь,Андреевна,Бурмистрова
Иосиф,Ефимович,Берсенев
Авдей,Валентинович,Рыбаков
Владлен,Арсенович,Слаповский
Марта,Тимуровна,Алейникова
Алия,Власовна,Меркульева
Цветана,Владленовна,Кононова
Паисий,Дмитриевич,Скапидаров
Тарас,Зиновьевич,Тарусов
Любава,Ильна,Родионова
Борис,Анисимович,Устинов
Сабрина,Гаврииловна,Липскерова
Эраст,Власович,Мурманюк
Олег,Геннадиевич,Олтухов
Севастьян,Даниилович,Гумилёв
Лукерья,Викторовна,Березина
Нора,Филипповна,Сейдова
Ярина,Фроловна,Писарева
Цецилия,Феоктистовна,Хазина
Лукий,Артёмович,Лазарев
Парфений,Изотович,Бабаченко
Родион,Тарасович,Безрученко
Герасим,Ермилович,Парфеньев
Кондрат,Ануфриевич,Буняченко
Евгений,Игнатьевич,Долин
Лета,Владиленовна,Дружаева
Айнур,Фадеевна,Прошина
Аксинья,Валентиновна,Турова
Никон,Юльевич,Родченков
Мелентий,Фадеевич,Согрин
Артур,Харламович,Данилкин
Любовь,Адамовна,Акатьева
Якун,Аверьянович,Шашков
Никон,Семёнович,Костин
Кир,Чеславович,Бабаченко
Ира,Ануфриевна,Третьякова
Никон,Изотович,Порфирьев
Аиша,Якубовна,Аристархова
Златослава,Анисимовна,Богданова
Ксения,Арсеновна,Язова
Иулиан,Тимурович,Мартьянов
Зульфия,Федосеевна,Сычева
Мавиле,Германовна,Рачкова
Иакинф,Филимонович,Поляков
Евгений,Измаилович,Проклов
Ребекка,Тимуровна,Лаврова
Анатолий,Денисович,Новодворский
Домника,Якубовна,Климентова
Мария,Бенедиктовна,Захарова
Айгуль,Теймуразовна,Стефашина
Феликс,Игнатович,Еремеев
Владлен,Михайлович,Иличевский
Панкратий,Теймуразович,Чаплин
Алексей,Германович,Мурманенко
Дмитрий,Чеславович,Панов
Шелли,Давыдовна,Кулакова
Анфиса,Игнатьевна,Златогорская
Тихон,Даниилович,Вонифатьев
Влада,Иларионовна,Крылова
Юлиан,Зиновьевич,Зотов
Кузьма,Исидорович,Шмелев
Поликарп,Адрианович,Федоров
Белинда,Филипповна,Саватьева
Мирра,Вадимовна,Рахматуллина
Борис,Димитриевич,Мамлеев
Леонид,Фадеевич,Нечаев
Артур,Артёмович,Мохнаткин
Артём,Семёнович,Михайлов
Пафнутий,Фадеевич,Макаревич
Тимур,Эдуардович,Конюшевский
Святослав,Фадеевич,Голофтеев
Эсмеральда,Иосифовна,Киприанова
Мстислав,Филиппович,Боровой
Бьянка,Бенедиктовна,Арефова
Протасий,Валерианович,Кудинов
Варвара,Аксёновна,Кулакова
Борис,Виленович,Вирхов
Руфина,Венедиктовна,Бояшова
Митрофан,Артёмович,Кожевников
Венедикт,Денисович,Петрушевский
Руфина,Геннадьевна,Грина
Антон,Давидович,Федотов
Онуфрий,Фомич,Заболотских
Григорий,Антипович,Брасс
Ираклий,Данилович,Родивонов
Борис,Жоресович,Одинцов
Милада,Аароновна,Плавильщикова
Дилярам,Захарьевна,Лесина
Яков,Измаилович,Мурманенко
Герман,Эдуардович,Лаврентьев
Даниэла,Иосифовна,Веневитинова
Вавила,Демидович,Дракохурст
Ира,Гордеевна,Савёлова
Тит,Бенедиктович,Осипов
Альвиан,Фокич,Гоголь
Мстислав,Теймуразович,Памфилов
Тимофей,Трофимович,Степной
Перизат,Игнатьевна,Володихина
Варсонофий,Артёмович,Крупнов
Спиридон,Дорофеевич,Фонвизин
Памела,Федосьевна,Анчарова
Тимофей,Вадимович,Беленький
Ника,Жоресовна,Философова
Еремей,Авдеевич,Крюков
Геннадий,Филатович,Неспанов
Игорь,Дорофеевич,Елизарьев
Амалия,Жановна,Петрушевская
Ксения,Виленовна,Хлестакова
Аникита,Владиславович,Минин
Руслан,Фокич,Филатьев
Емельян,Арсенович,Глуховский
Элиана,Евстигнеевна,Стародубцева
Юлиан,Денисович,Сбитнев
Эльвира,Антиповна,Перфишина
Валентина,Архиповна,Мамонтова
Ивета,Юльевна,Кузикова
Божена,Адриановна,Гиляровская
Ефрем,Тимурович,Панкратов
Беатрис,Ануфриевна,Микитова
Ярослав,Зиновьевич,Мухин
Юнона,Антоновна,Ширяева
Евдоким,Ануфриевич,Рыжонок
Беатрис,Викентьевна,Никулина
Рианна,Венедиктовна,Козлова
Флора,Антоновна,Голунова
Лариса,Юльевна,Удачина
Мстислав,Ярославович,Азольский
Яна,Демьяновна,Гусельникова
Ава,Адриановна,Федотьева
Климент,Чеславович,Фофанов
Гавриил,Зиновьевич,Орлов
Фируза,Димитриевна,Терехова
Мирон,Давыдович,Дубаев
Федосей,Устинович,Дьяконов
Милен,Фёдоровна,Данилкина
Виктория,Дорофеевна,Саблина
Прасковья,Андреевна,Орлова
Анфиса,Артемьевна,Пушкина
Жасмин,Абрамовна,Панфилова
Аркадий,Харлампьевич,Фавстов
Ерофей,Вячеславович,Каледин
Назар,Артурович,Ярок
Марта,Владленовна,Медведева
Артур,Жоресович,Данихнов
Тея,Эдгаровна,Доброхотова
Трифон,Елисеевич,Приставкин
Аксинья,Игоревна,Лужина
Ея,Феоктистовна,Жерихова
Аникита,Авдеевич,Буров
Николай,Егорович,Кириллов
Бажена,Арсеньевна,Рожкова
Капитон,Иосифович,Зосимов
Жозефина,Александровна,Авдеева
Селена,Гаврииловна,Чистова
Октябрина,Фёдоровна,Леонова
Августина,Владиславовна,Шеянова
Исидор,Аверьянович,Конторович
Лаврентий,Егорович,Дашков
Порфирий,Власович,Евстифеев
Джессика,Александровна,Родионова
Фаддей,Алексеевич,Гнатюк
Мика,Вадимовна,Ерастова
Феоктист,Вениаминович,Ранцов
Прохор,Валерианович,Епифаньев
Филат,Ефстафьевич,Булатов
Виталий,Венедиктович,Девяткин
Лаура,Герасимовна,Багирова
Божена,Адамовна,Стрелкова
Николай,Гурьевич,Капустин
Этери,Феликсовна,Слепнева
Ефрем,Игоревич,Орехов
Лукьян,Виленович,Зондберг
Фома,Трифонович,Инин
Ядвига,Жановна,Новикова
Денис,Андреевич,Назаров
Ярослава,Теймуразовна,Арсенова
Нинель,Брониславовна,Еланцева
Мила,Ефремовна,Болтышева
Станислав,Ефстафьевич,Остратов
Рузалия,Михайловна,Терентьева
Агния,Ярославовна,Вотрина
Люче,Андреевна,Федотова
Белинда,Арсеновна,Маркианова
Домна,Фадеевна,Ломова
Вячеслав,Елисеевич,Гайдук
Федосей,Борисович,Трефилов
Дилярам,Захарьевна,Игнашева
Викторина,Гертрудовна,Бобкова
Сергей,Давидович,Соловьев
Мирослава,Анисимовна,Ширяева
Григорий,Демидович,Дружников
Фатима,Давыдовна,Данова
Амина,Тарасовна,Елизарьева
Наиля,Еремеевна,Савельева
Михаил,Даниилович,Алехин
Фома,Юлианович,Старостенко
Лара,Валерьевна,Елеазарова
Пётр,Бенедиктович,Аренский
Рада,Еремеевна,Шапошникова
Констанция,Анисимовна,Калашникова
Адиля,Ефимовна,Тарасьева
Энже,Измаиловна,Мишкина
Емельян,Августович,Шишков
Паисий,Федосеевич,Полоков
Люсьена,Евстигнеевна,Паршова
Адиля,Анисимовна,Клепова
Фирс,Феодосьевич,Покровский
Марика,Валериановна,Ланькова
Муза,Ермолаевна,Тархова
Митрофан,Михайлович,Христофоров
Сергей,Харлампьевич,Михальченко
Цагана,Жоресовна,Ларионова
Ариана,Феодосьевна,Кожевникова
Донат,Фёдорович,Елисеев
Данакт,Ааронович,Коваленко
Аида,Филимоновна,Бодрова
Ярослава,Давыдовна,Одинцова
Альвиан,Фёдорович,Смольников
Варсонофий,Ааронович,Юровских
Зиновий,Викентьевич,Амарантов
Виссарион,Петрович,Полуяхтов
Эстер,Ильна,Крутихина
Иветта,Валерьевна,Ельчина
Хилари,Ярославовна,Кувалдина
Семён,Ануфриевич,Дежнев
Цагана,Жановна,Булганина
Гульмира,Андреевна,Митрофаньева
Варсонофий,Ильясович,Федулеев
Лиана,Феофановна,Бровцева
Фрол,Григорьевич,Сычев
Гульназ,Васильевна,Назарьева
Семён,Германович,Трофимов
Тереза,Трифоновна,Любимова
Иулиан,Борисович,Каплан
Кузьма,Гордеевич,Собчак
Виола,Ильна,Арбатова
Зара,Иосиповна,Буркатовская
Савва,Анисимович,Беленко
Никита,Филимонович,Родионов
Аза,Геннадиевна,Свечина
Иуда,Бориславович,Аркадьин
Иван,Фадеевич,Кривцов
Митрофан,Ярославович,Каверин
Венедикт,Бенедиктович,Потапов
Фотий,Тимурович,Галковский
Анатолий,Ерофеевич,Маятников
Агапия,Антоновна,Белова
Саяна,Богдановна,Остратова
Белинда,Борисовна,Мозжухина
Лина,Ильясовна,Алексеева
Шейла,Денисовна,Купреянова
Дарина,Захарьевна,Ягужинская
Динара,Федосеевна,Фурманова
Протасий,Харламович,Вайсбеккер
Константин,Аксёнович,Ломов
Теона,Арсеньевна,Окунева
Нестор,Гаврилович,Тиханин
Наиля,Фадеевна,Добычина
Линда,Иосифовна,Мурманская
Данакт,Аверьянович,Гнедич
Гордей,Трифонович,Агапьев
Зоя,Брониславовна,Черноусова
Мадлен,Алексеевна,Таралова
Ая,Петровна,Пименова
Фирс,Феоктистович,Аввакум
Ариана,Александровна,Филкова
Герман,Изотович,Перфильев
Наргиза,Давидовна,Феклисова
Аполлинария,Дмитриевна,Беспалова
Феликс,Витальевич,Негин
Георгий,Фокич,Удодов
Никита,Александрович,Войнович
Вячеслав,Демидович,Карпеев
Раиса,Яковлевна,Копылова
Мехри,Тимуровна,Дементьева
Милослава,Германовна,Саватеева
Паисий,Еремеевич,Арефьев
Адель,Андреевна,Полуектова
Арина,Витальевна,Перумова
Виктор,Демьянович,Эмин
Мелентий,Авдеевич,Павлинов
Андрей,Ермилович,Овечкин
Мартын,Викторович,Крюков
Виктория,Феодосьевна,Контровская
Сауле,Вилоровна,Артемьева
Вавила,Сидорович,Пантелеев
Рита,Захарьевна,Микитова
Марианна,Фадеевна,Луппова
Добрыня,Гаврилович,Контровский
Якун,Витальевич,Кожевников
Тарас,Абрамович,Абакумов
Константин,Игнатович,Рыжонок
Авксентий,Анатольевич,Азарьев
Лиана,Гаврииловна,Полянская
Лина,Власовна,Земляная
Филипп,Елисеевич,Липкин
Пафнутий,Эдгарович,Асафьев
Филат,Теймуразович,Петкевич
Лукий,Сидорович,Плотников
Линда,Архиповна,Басманова
Иннокентий,Харламович,Акимов
Юрий,Елисеевич,Скапидаров
Родослав,Глебович,Васюченко
Викентий,Григорьевич,Багрянцев
Магистриан,Валентинович,Жданов
Виктория,Владимировна,Елисеева
Паисий,Денисович,Костин
Харитон,Жоресович,Митрофаньев
Далида,Юлиановна,Шалыганова
Онисим,Игнатович,Герасимов
Кузьма,Демидович,Лесков
Прохор,Яковлевич,Василов
Игнатий,Викентьевич,Вильмонт
Магистриан,Данилович,Пришвин
Роман,Валентинович,Белоруков
Вавила,Теймуразович,Фурцев
Есения,Анатольевна,Лахтионова
Феоктист,Ефимович,Гляделкин
Венедикт,Федосьевич,Авсеев
Ангелина,Ефстафьевна,Коновалова
Шерил,Иларионовна,Данилкина
Гаяна,Феофановна,Философова
Лира,Бенедиктовна,Шапошникова
Германн,Юлианович,Самсонов
Аркадий,Вадимович,Ростов
Домна,Владиленовна,Кудинова
Оливия,Даниловна,Канаева
Серафим,Елисеевич,Мурманенко
Марика,Феликсовна,Протоклитова
Гульмира,Авдеевна,Беспалова
Грета,Артёмовна,Карлова
Шарлотта,Филимоновна,Кирсанова
Мара,Алексеевна,Ефимьева
Севара,Егоровна,Аммосова
Дильнара,Тарасовна,Потапова
Флориана,Даниловна,Супрунова
Памела,Филатовна,Брюсова
Пафнутий,Демьянович,Коркищенко
Платон,Елисеевич,Газданов
Энже,Арсеновна,Загорцева
Игорь,Семёнович,Вавилин
Роксолана,Феофановна,Фадеева
Дилярам,Антиповна,Квартальнова
Наоми,Харламовна,Бавильская
Зухра,Демьяновна,Арбатова
Якун,Ефимович,Охотин
Этель,Артёмовна,Гончарова
Офелия,Исидоровна,Платова
Яна,Валериановна,Удальцова
Азиза,Демидовна,Пафнутьева
Лета,Федосеевна,Зиганшина
Кондрат,Демьянович,Дмитриев
Яков,Адрианович,Селиверстов
Джамиля,Арсеновна,Флегонтова
Августа,Игнатовна,Власова
Филипп,Давидович,Денежкин
Федот,Феликсович,Парфёнов
Ирина,Эдуардовна,Варнавина
Венедикт,Михайлович,Петелин
Емельян,Гавриилович,Златогорский
Екатерина,Ермиловна,Каминова
Аркадий,Всеволодович,Бабаевский
Игорь,Матвеевич,Заостровцев
Михаил,Бенедиктович,Дубинянский
Наргиза,Гертрудовна,Ефросинова
Фелисити,Анисимовна,Багрянцева
Феликс,Жанович,Новосёлов
Маргарита,Викентьевна,Соколова
Пахомий,Терентьевич,Гоголь
Леонтий,Гертрудович,Драгунский
Эвелина,Валерьевна,Островская
Добрыня,Еремеевич,Новосёлов
Платон,Вилорович,Серафимович
Онисим,Владимирович,Тихон
Луна,Евсеевна,Колобова
Ия,Еремеевна,Бакланова
Исидор,Антипович,Гнедич
Стелла,Владиславовна,Егорьева
Станислав,Арсеньевич,Харламов
Семён,Фомич,Скоренко
Элиза,Игнатьевна,Идова
Челси,Артёмовна,Калинина
Гюзель,Ермолаевна,Кудряшова
Фока,Бенедиктович,Платухин
Амалия,Алексеевна,Амфитеатрова
Динара,Венедиктовна,Жемчужникова
Анаит,Валерьяновна,Михаилова
Климент,Ермолаевич,Богословский
Исидор,Фокич,Колесников
Эльнара,Богдановна,Корявина
Теона,Валерьяновна,Агапеева
Фёдор,Даниилович,Селин
Асия,Архиповна,Егорьева
Асия,Дмитриевна,Манылина
Аполлинария,Михайловна,Бычкова
Грета,Дмитриевна,Окатова
Валерьян,Валерианович,Пелевин
Святослав,Демьянович,Островский
Аркадий,Евстигнеевич,Белорусец
Сергей,Венедиктович,Марамзин
Мина,Иосифовна,Евсюкова
Дмитрий,Тимурович,Огарев
Тора,Геннадиевна,Бодылева
Мелания,Алексеевна,Егорова
Ея,Егоровна,Панюшкина
Тая,Анисимовна,Кашафутдинова
Никон,Чеславович,Копелев
Линда,Феликсовна,Софронова
Мадлен,Валерьяновна,Архангельская
Онисим,Вилорович,Приставкин
Демьян,Фёдорович,Черчесов
Малика,Геннадиевна,Пастухова
Екатерина,Захарьевна,Согрина
Иулиан,Демьянович,Приставкин
Антон,Фролович,Снегирев
Ея,Елизаровна,Вотрина
Корнилий,Тимурович,Панкратьев
Айнур,Михайловна,Уткина
Владлен,Валерианович,Ивлев
Михримах,Герасимовна,Антипова
Джиневра,Арсеновна,Арабова
Эмилия,Терентьевна,Винтилова
Гордей,Устинович,Бродский
Каролина,Трифоновна,Тиханина
Фотий,Демьянович,Терехов
Пантелеймон,Эдгардович,Осокин
Индира,Вадимовна,Нахапетова
Ефрем,Виленович,Златогорский
Антон,Фокич,Нарицин
Эльнара,Власовна,Карлова
Станислав,Антипович,Серафимович
Ефим,Феофанович,Елизаров
Феоктист,Анатольевич,Радивонов
Демьян,Давидович,Юдин
Федосей,Давыдович,Хаустов
Евгения,Георгиевна,Костина
Христофор,Ефимьевич,Лукьянов
Вячеслав,Филиппович,Табаков
Влас,Анатольевич,Фёдоров
Демид,Феодосьевич,Протасов
Алексей,Валерьевич,Морщаков
Ева,Терентьевна,Каренина
Флоренция,Яковлевна,Марковчина
Ерофей,Антонович,Катаев
Фока,Абрамович,Амвросов
Милица,Валерьяновна,Платова
Евсей,Владиславович,Кудинов
Раяна,Игнатовна,Осинская
Ирина,Ефремовна,Стрелкова
Эсмеральда,Евсеевна,Котовская
Ляйсан,Федотовна,Упатова
Аникита,Трофимович,Котовский
Мелания,Димитриевна,Пучкова
Линда,Валерьяновна,Репникова
Пейтон,Арсеньевна,Щекина
Святослав,Гурьевич,Дружинин
Фрол,Ярославович,Робски
Алексия,Михайловна,Авсеева
Тереза,Ильна,Хлумова
Авдей,Фёдорович,Месяц
Павел,Игнатьевич,Садур
Святополк,Юльевич,Бобков
Сальма,Феоктистовна,Опимахова
Никодим,Артёмович,Корабальников
Лина,Еремеевна,Котляревская
Авдотья,Тихоновна,Пришвина
Авксентий,Адрианович,Бессараб
Христофор,Федосьевич,Хемлин
Ростислав,Матвеевич,Кудряшов
Никита,Геннадиевич,Гущин
Зоя,Димитриевна,Панкратова
Алексей,Валерьевич,Карамзин
Афанасий,Данилович,Эйсмонт
Алина,Филимоновна,Люкина
Фрол,Аксёнович,Хлопонин
Лаура,Антоновна,Минина
Леонтий,Германович,Успенский
Лара,Димитриевна,Монастырская
Виталия,Афанасьевна,Леонова
Фока,Юльевич,Евтушенко
Заира,Феоктистовна,Панова
Роксана,Бенедиктовна,Старикова
Галактион,Германович,Михайловский
Моника,Васильевна,Ананьева
Аиша,Эдгаровна,Васькина
Мартын,Изотович,Парфенчиков
Потап,Александрович,Коваль
Вячеслав,Харламович,Измайлов
Рената,Харлампьевна,Сидоркина
Галия,Харламповна,Ковалева
Зиновий,Антонович,Дмитриев
Галактион,Феодосьевич,Киселёв
Венедикт,Евстигнеевич,Борцов
Памела,Феликсовна,Меркушева
Игнатий,Феодосьевич,Перхуров
Хрисанф,Гертрудович,Козьмин
Лаура,Ерофеевна,Звягина
Варфоломей,Фокич,Хлумов
Юлиан,Викентьевич,Вайнеры
Лукьян,Вадимович,Горенштейн
Григорий,Бенедиктович,Петелин
Мирослав,Афанасьевич,Сорокин
Мстислав,Артемьевич,Сафонов
Валентин,Антонович,Мохнаткин
Иветта,Витальевна,Толстая
Этери,Димитриевна,Басырова
Мишель,Афанасьевна,Калинина
Христофор,Изотович,Феоктистов
Аделаида,Елисеевна,Захарьина
Разина,Валериановна,Веселова
Аделина,Гавриловна,Шмелева
Венедикт,Еремеевич,Голиков
Сесилия,Ануфриевна,Потапова
Куприян,Елизарович,Стогов
Авксентий,Ермолаевич,Ивонов
Валерий,Вячеславович,Афросимов
Юна,Вадимовна,Замятина
Дорофей,Эдуардович,Искандер
Иулиан,Германович,Дьяконов
Фрол,Давыдович,Копелев
Федора,Матвеевна,Олейникова
Филимон,Глебович,Прокопов
Максим,Фёдорович,Даль
Мелания,Валериановна,Петухова
Саяна,Артуровна,Аммосова
Фотий,Ефимьевич,Ерёмин
Забава,Чеславовна,Лапутина
Агафья,Владленовна,Заостровцева
Севастьян,Афанасьевич,Пудеев
Фрол,Ермилович,Караулов
Хрисанф,Владленович,Алфимов
Матвей,Ермолаевич,Колобов
Александра,Федосеевна,Ненарокова
Иулиан,Аверьянович,Сахновский
Альвиан,Геннадиевич,Данилов
Тамара,Валерьевна,Сафронова
Сильвестр,Васильевич,Анюков
Якун,Артемьевич,Зеленин
Евстафий,Григорьевич,Самылин
Порфирий,Эдгардович,Игнатов
Нелли,Филатовна,Белова
Златослава,Семёновна,Толстая
Марк,Валерианович,Щекин
Серафим,Изотович,Жемчужников
Назар,Феоктистович,Ефремов
Азалия,Игоревна,Сапронова
Агунда,Димитриевна,Гусева
Мелисса,Богдановна,Аристархова
Марк,Тарасович,Скоренко
Алексей,Глебович,Зонис
Пахомий,Харлампович,Серебренников
Лета,Чеславовна,Замятина
Шарлотта,Викторовна,Кузнецова
Владимир,Еремеевич,Яськов
Перизат,Анисимовна,Цветкова
Бела,Валерьяновна,Подушкова
Кирилл,Тимурович,Белезянский
Лукьян,Ааронович,Алешковский
Матвей,Герасимович,Денисов
Мирослава,Виленовна,Силина
Савелий,Вячеславович,Гай
Илья,Федосьевич,Карпеев
Фируза,Жоресовна,Малярова
Федосей,Арсеньевич,Беседин
Филипп,Михайлович,Слепнев
Вениамин,Викентьевич,Маргелов
Руслан,Бориславич,Окатов
Валерьян,Афанасьевич,Чулаки
Артур,Артёмович,Нагибин
Эсмеральда,Михайловна,Нагибина
Кирилл,Владиленович,Амосов
Паисий,Юльевич,Рыбаков
Зарина,Владиленовна,Леванидова
Наима,Аароновна,Крапивина
Варлам,Дмитриевич,Борн
Фелиция,Евсеевна,Абакумова
Заира,Вадимовна,Веселова
Демьян,Измаилович,Айтматов
Конон,Сидорович,Архангельский
Габриэлла,Григорьевна,Зотьева
Кузьма,Геннадиевич,Амфитеатров
Дара,Егоровна,Копылова
Платонида,Харламповна,Денежкина
Анжела,Аксёновна,Кормильцева
Якун,Устинович,Манылов
Искра,Георгиевна,Аммосова
Зита,Федосеевна,Африкантова
Ефрем,Теймуразович,Кривцов
Прохор,Валентинович,Луппов
Гаяна,Фроловна,Атаманова
Сара,Бориславовна,Чудинова
Серафима,Феодосьевна,Федина
Ждан,Алексеевич,Востряков
Богдана,Ермиловна,Слепухина
Грета,Ефимьевна,Додолева
Никифор,Гурьевич,Старков
Сиара,Августовна,Конюшевская
Евгений,Филимонович,Затворник
Демид,Харламович,Трефилов
Пафнутий,Ефремович,Покровский
Куприян,Ермилович,Беспалов
Елена,Гавриловна,Чудакова
Спиридон,Августович,Мартытов
Богдана,Ефимовна,Липскерова
Константин,Жоресович,Василенко
Златослава,Петровна,Степная
Божена,Жановна,Всеволожская
Николай,Вадимович,Пучков
Фредерика,Эдгаровна,Ширяева
Валентина,Ильна,Маятникова
Спиридон,Иосипович,Рубанов
Злата,Матвеевна,Колесникова
Иоанна,Георгиевна,Харлампиева
Фаддей,Елизарович,Мухин
Самуил,Власович,Феонин
Лукьян,Елисеевич,Герасимов
Юстин,Еремеевич,Бенигсен
Одетта,Чеславовна,Петухова
Евстафий,Эдуардович,Вирхов
Митрофан,Григорьевич,Пьецух
Тимур,Измаилович,Исаев
Григорий,Харитонович,Морозов
Тамара,Ильясовна,Инина
Юния,Венедиктовна,Игнатьева
Созон,Яковлевич,Елизарьев
Корнелия,Владиленовна,Березина
Ия,Арсеньевна,Амвросова
Семён,Александрович,Подгородецкий
Юлия,Матвеевна,Плющева
Созон,Иларионович,Немчинов
Артём,Августович,Домников
Алина,Харламповна,Малкина
Лира,Юльевна,Рыбакова
Роксана,Августовна,Гиваргизова
Даниил,Викторович,Черноусов
Рианна,Харламповна,Александрова
Федора,Валерьяновна,Проханова
Илья,Денисович,Шишкин
Федот,Аверьянович,Родионов
Кузьма,Ааронович,Потапов
Куприян,Егорович,Пахомов
Нана,Юлиановна,Гусева
Еремей,Бориславич,Куликов
Ким,Елизарович,Щекочихин
Анжела,Еремеевна,Севастьянова
Митрофан,Терентьевич,Екимов
Никифор,Юлианович,Аренский
Кир,Евсеевич,Замуткин
Флоренс,Авдеевна,Нагибина
Валентин,Геннадиевич,Согрин
Ия,Ерофеевна,Смоленская
Полина,Гаврииловна,Задорова
Нестор,Зиновьевич,Липовецкий
Демьян,Витальевич,Фенев
Разина,Архиповна,Довлатова
Дания,Харламовна,Бажова
Назар,Егорович,Омельянов
Фока,Исидорович,Кирпиченко
Самуил,Трофимович,Юровских
Нора,Евстигнеевна,Бузина
Матвей,Адрианович,Захарьин
Гульназ,Филатовна,Абакумова
Элла,Валерьевна,Таралова
Разина,Артуровна,Тургенева
Ждан,Гаврилович,Хаецкий
Марианна,Аверьяновна,Сбруева
Савва,Владленович,Аннинский
Илья,Чеславович,Малецкий
Алсу,Тихоновна,Владимирская
Муза,Давыдовна,Филипьева
Аникита,Терентьевич,Юдин
Пётр,Владиславович,Бабуров
Фируза,Теймуразовна,Катаева
Тимофей,Бенедиктович,Курилов
Лукерья,Вячеславовна,Алферьева
Фрол,Владленович,Черчесов
Кирилл,Антипович,Баскаков
Никита,Фёдорович,Брежнев
Аиша,Геннадиевна,Егорьева
Мина,Евстигнеевна,Созонова
Динара,Трофимовна,Конюшевская
Тихон,Иосипович,Попов
Парфений,Гаврилович,Корнильев
Айсылу,Еремеевна,Збруева
Айгуль,Адамовна,Незнанская
Платон,Владимирович,Бушин
Ирада,Федосьевна,Северьянова
Кондрат,Александрович,Манылин
Флоренция,Евстигнеевна,Рогова
Зульфия,Владимировна,Поплавская
Лев,Вилорович,Хохлов
Юнона,Филимоновна,Антипова
Назар,Ефремович,Чиж
Вета,Гурьевна,Амфитеатрова
Гульмира,Изотовна,Графинина
Жансая,Ильясовна,Васькина
Авксентий,Эдгарович,Зализняк
Марика,Дмитриевна,Смехова
Евстафий,Ерофеевич,Углев
Родослав,Дмитриевич,Полуянов
Азалия,Ерофеевна,Астафьева
Трифон,Бориславович,Голубев
Лукерья,Вилоровна,Федулеева
Жаклин,Герасимовна,Кабакова
Федосей,Архипович,Пигасов
Гаянэ,Тимуровна,Алябьева
Мила,Фроловна,Васькина
Соня,Антоновна,Горланова
Аникита,Михайлович,Алтухов
Татьяна,Григорьевна,Собакина
Эльмира,Бориславовна,Афремова
Иосиф,Демьянович,Грин
Ирина,Валентиновна,Григорьева
Динара,Эдуардовна,Ипатова
Герман,Вилорович,Нефедьев
Созон,Филиппович,Маринин
Владлен,Тихонович,Корнилов
Глеб,Филимонович,Сбитнев
Севастьян,Тимурович,Нагорный
Савелий,Харлампович,Белооченко
Дана,Аксёновна,Лутьянова
Алия,Богдановна,Графинина
Лили,Фёдоровна,Проклова
Логгин,Феликсович,Арсенов
Ралина,Владиславовна,Замыслова
Раиля,Тихоновна,Кувалдина
Одетта,Даниловна,Денисова
Ляля,Евстигнеевна,Алданова
Дорофей,Иларионович,Куликов
Фома,Ефремович,Янковский
Яков,Васильевич,Аникеев
Серафима,Ануфриевна,Михаилова
Акакий,Елисеевич,Бугрименко
Раиса,Абрамовна,Козьмина
Святослав,Владиленович,Гляделкин
Виктор,Витальевич,Мережковский
Физалия,Давидовна,Мышкина
Альберт,Михайлович,Акинфов
Алеста,Анисимовна,Булочникова
Алсу,Егоровна,Шуртакова
Сергей,Андреевич,Бенигсен
Конон,Артёмович,Болучевский
Тимур,Богданович,Битов
Виктор,Гурьевич,Вихров
Всеволод,Трифонович,Терентьев
Людмила,Игнатовна,Булгарина
Кир,Андреевич,Чумаков
Игнатий,Фомич,Ананьев
Иулиан,Ануфриевич,Лорченков
Прохор,Артёмович,Фатьянов
Рогнеда,Фроловна,Тарусова
Рената,Федотовна,Домникова
Христофор,Жанович,Колпаков
Марк,Еремеевич,Дубаев
Рианна,Аксёновна,Митрофанова
Владислав,Викентьевич,Сенчин
Иакинф,Ефимович,Согрин
Эрика,Антоновна,Устинова
Фрол,Валерьевич,Шашков
Эраст,Филиппович,Белооченко
Раяна,Зиновьевна,Алипьева
Матвей,Ефимьевич,Удачин
Виолетта,Архиповна,Зыкина
Кирилл,Арсеньевич,Белов
Филат,Бориславович,Тиханин
Кондрат,Бориславич,Радищев
Земфира,Устиновна,Геласимова
Прокопий,Ярославович,Кашин
Артём,Тарасович,Топчиев
Анжелика,Ермолаевна,Ломоносова
Панкратий,Данилович,Пепперштейн
Фелисити,Тарасовна,Гришина
Алана,Германовна,Цветкова
Гордей,Жанович,Ветров
Леона,Архиповна,Тихомирова
Сара,Вениаминовна,Горланова
Семён,Антипович,Жданов
Арина,Эдуардовна,Патрикеева
Платон,Жоресович,Паршов
Сандра,Михайловна,Сопронова
Марианна,Ануфриевна,Фандеева
Леонид,Давидович,Монастырский
Елизавета,Матвеевна,Мозговая
Хюррем,Устиновна,Куваева
Константин,Глебович,Кедрин
Гордей,Ильясович,Лукьяненко
Мелентий,Гавриилович,Федулов
Ермолай,Семёнович,Шевцов
Игорь,Артёмович,Лаврин
Артём,Геннадиевич,Котов
Геласий,Владиславович,Аммосов
Юлиан,Данилович,Молчанов
Виктор,Фролович,Беспалов
Фотий,Денисович,Стефашин
Анатолий,Харитонович,Липкин
Михаил,Вениаминович,Лаврин
Тимур,Фомич,Паушкин
Рамина,Феоктистовна,Лугинова
Ираклий,Эдгардович,Герцен
Люсьена,Андреевна,Амарантова
Тимофей,Ерофеевич,Корявин
Шарлотта,Димитриевна,Чистова
Пейтон,Гавриловна,Феонина
Нора,Ефимьевна,Нечаева
Алексия,Иларионовна,Бакланова
Элиза,Арсеньевна,Витковская
Магистриан,Вадимович,Зюзюкин
Сила,Игоревич,Карионов
Тит,Арсенович,Мишустин
Эрика,Гертрудовна,Гусева
Софрон,Владимирович,Гермогенов
Елизавета,Валентиновна,Нарицина
Фирс,Виленович,Гальцов
Иоанна,Владимировна,Янова
Протасий,Иосипович,Баскаков
Амина,Васильевна,Кирсанова
Всеволод,Трофимович,Галкин
Лика,Аароновна,Белозёрова
Лев,Эдгардович,Яськов
Эля,Валентиновна,Комарова
Варлам,Артёмович,Селезнёв
Мариям,Валерьяновна,Домникова
Злата,Валерьяновна,Василева
Полина,Афанасьевна,Арсенова
Альвиан,Эдгардович,Маргелов
Ольга,Ефимьевна,Боярская
Любовь,Фадеевна,Шапошникова
Пантелеймон,Ермолаевич,Доронин
Руфь,Жановна,Федосова
Глеб,Вадимович,Чернышевский
Тея,Жановна,Белинская
Иосиф,Ермилович,Беспаленко
Люсиль,Трифоновна,Христофорова
Эля,Денисовна,Мохнаткина
Тит,Ефстафьевич,Боченков
Лейла,Давидовна,Земскова
Евгения,Брониславовна,Быкова
Порфирий,Владленович,Архангельский
Ярослав,Жоресович,Омельянов
Лия,Бенедиктовна,Казанцева
Корнелия,Геннадьевна,Пруткова
Игорь,Давидович,Агапеев
Аристарх,Филатович,Ложкомоев
Ада,Герасимовна,Родионова
Резеда,Жоресовна,Ермакова
Ада,Ерофеевна,Клеопова
Влада,Вадимовна,Паустовская
Луна,Гурьевна,Федулова
Андрей,Трифонович,Иваницкий
Родослав,Феофанович,Евтифеев
Флоренс,Ефимьевна,Деревенская
Ивета,Ефимьевна,Аверкиева
Григорий,Адамович,Солопов
Есения,Исидоровна,Торлопова
Дмитрий,Ильич,Мануйлов
Варлам,Викторович,Пивоваров
Макар,Юлианович,Бондарев
Пейтон,Всеволодовна,Сбитнева
Ляля,Захарьевна,Аренская
Этери,Игоревна,Банникова
Гордей,Богданович,Никтитин
Лола,Захарьевна,Шапошникова
Авдотья,Якубовна,Дормидонтова
Гавриил,Игнатьевич,Довлатов
Кирилл,Абрамович,Долотин
Куприян,Викентьевич,Мерецков
Злата,Федосеевна,Маринина
Антон,Эдгардович,Елизарьев
Андрей,Валерьевич,Остальский
Алана,Афанасьевна,Воротникова
Люче,Авдеевна,Шерстобитова
Лев,Харитонович,Паушкин
Рузанна,Артёмовна,Астафьева
Дмитрий,Жоресович,Шукшин
Ермолай,Ааронович,Олимпиев
Зинаида,Антоновна,Ракова
Григорий,Жоресович,Арсеньев
Исидор,Валентинович,Зеленин
Хрисанф,Антонович,Домбровский
Белинда,Ярославовна,Багирова
Елизавета,Гаврииловна,Голофтеева
Никита,Всеволодович,Кувалдин
Никодим,Гаврилович,Кондратьев
Артур,Эдгардович,Гляделкин
Лиза,Еремеевна,Ажаева
Яна,Сидоровна,Елфимова
Корнилий,Владиленович,Гуляев
Константин,Эдгардович,Беляев
Астрид,Вадимовна,Кормильцева
Анисья,Тихоновна,Володарская
Иулиан,Гордеевич,Полуянов
Дильнара,Витальевна,Устинова
Логгин,Григорьевич,Павлов
Марианна,Бенедиктовна,Памфилова
Галия,Феоктистовна,Кудинова
Гордей,Феоктистович,Маслов
Индира,Игнатовна,Добычина
Аристарх,Михайлович,Порфирьев
Роман,Жанович,Перхурьев
Лука,Валерьянович,Бояшов
Сати,Жоресовна,Спиридонова
Виктор,Трифонович,Косьмин
Федот,Венедиктович,Зондберг
Руслан,Матвеевич,Мигулёв
Тая,Харламповна,Сычева
Лора,Ефстафьевна,Чернышева
Мина,Семёнович,Устинов
Лариса,Артемьевна,Мартынова
Мирослав,Ермолаевич,Сажин
Лолита,Андреевна,Федулова
Евстафий,Петрович,Философов
Ея,Владиславовна,Абрамова
Ждан,Валерьянович,Нечаев
Капитон,Эдгарович,Нарбиков
Нина,Виленовна,Федина
Прокопий,Гаврилович,Курчаткин
Аристарх,Эдуардович,Амарантов
Фока,Демьянович,Бирюков
Клара,Евстигнеевна,Нагибина
Тимофей,Устинович,Плавильщиков
Поликарп,Григорьевич,Крупник
Геннадий,Гаврилович,Полоцкий
Мстислав,Брониславович,Осинский
Мстислав,Евсеевич,Ахмедов
Каре,Теймуразовна,Дружаева
Еремей,Августович,Козьмин
Авксентий,Иосипович,Пономарев
Венера,Валерьяновна,Агеева
Ерофей,Димитриевич,Агапов
Паисий,Адрианович,Авилов
Иуда,Феоктистович,Пономарев
Самуил,Жанович,Ивонин
Лариса,Глебовна,Захарова
Леонид,Юлианович,Басинский
Алиса,Гурьевна,Прокопова
Анфим,Адрианович,Жуков
Мира,Августовна,Гладышева
Мария,Ефимьевна,Аверкова
Ника,Григорьевна,Фурсова
Иветта,Егоровна,Новгородцева
Теона,Феликсовна,Панкратова
Эвита,Викторовна,Негина
Алеста,Артуровна,Ивонина
Аристарх,Федосеевич,Дудин
Григорий,Игоревич,Золотцев
Виталий,Федосеевич,Андронов
Гоар,Владиславовна,Клюева
Мирон,Филимонович,Сорокин
Андрей,Аксёнович,Осокин
Изабелла,Юлиановна,Фомина
Анисья,Тарасовна,Тургенева
Инга,Ефимьевна,Екимова
Макар,Анисимович,Дудинцев
Лариса,Трофимовна,Галактионова
Люция,Юльевна,Проклова
Филат,Зиновьевич,Козырев
Тарас,Феликсович,Купряшин
Евдоким,Ярославович,Певзнер
Гавриил,Ефимьевич,Слепнев
Богдан,Гаврилович,Анюков
Сильвия,Аксёновна,Харлампиева
Евсей,Егорович,Розанов
Зита,Еремеевна,Арбузова
Вадим,Исидорович,Расторгуев
